A. Mickiewicza;A.;Mickiewicza
Adama Asnyka;Adama;Asnyka
Adama Mickiewicza;Adama;Mickiewicza
Adama Wójcika;Adama;Wójcika
Adolfa Dygasińskiego;Adolfa;Dygasińskiego
Agnieszki Osieckiej;Agnieszki;Osieckiej
Alberta Einsteina;Alberta;Einsteina
Aleksandra Chodkiewicza;Aleksandra;Chodkiewicza
Aleksandra Putry;Aleksandra;Putry
Aleksandra Żabczyńskiego;Aleksandra;Żabczyńskiego
Aleksandry Piłsudskiej;Aleksandry;Piłsudskiej
Alfonsa Szyperskiego;Alfonsa;Szyperskiego
Alfreda Nobla;Alfreda;Nobla
Andrzeja Brończyka;Andrzeja;Brończyka
Andrzeja Struga;Andrzeja;Struga
Andrzeja Wajdy;Andrzeja;Wajdy
Anki Kowalskiej;Anki;Kowalskiej
Anny German;Anny;German
Anny Jabłonowskiej;Anny;Jabłonowskiej
Anny Jantar;Anny;Jantar
Anny Szczepanik;Anny;Szczepanik
Anny Walentynowicz;Anny;Walentynowicz
Antoniego Abrahama;Antoniego;Abrahama
Antoniego Ponikowskiego;Antoniego;Ponikowskiego
Antoniego Słonimskiego;Antoniego;Słonimskiego
Antoniego Suchanka;Antoniego;Suchanka
Arkadiusza Rybickiego;Arkadiusza;Rybickiego
Artura Grottgera;Artura;Grottgera
Artura Zawiszy;Artura;Zawiszy
Augustyna Necla;Augustyna;Necla
Bartosza Głowackiego;Bartosza;Głowackiego
Bernarda Purkopa;Bernarda;Purkopa
Biskupa Chrystiana;Biskupa;Chrystiana
Bolesława Prusa;Bolesława;Prusa
Braci Dudzińskich;Braci;Dudzińskich
Bronisława Geremka;Bronisława;Geremka
Cypriana Norwida;Cypriana;Norwida
Cyryla Ratajskiego;Cyryla;Ratajskiego
Czesława Freudenreicha;Czesława;Freudenreicha
Czesława Miłosza;Czesława;Miłosza
Czesława Niemena;Czesława;Niemena
"Danuty Siedzikówny ""Inki""";Danuty;"Siedzikówny ""Inki"""
"Danuty Siedzikówny ps. ""Inka""";Danuty;"Siedzikówny ps. ""Inka"""
Dr. Rydygiera;Dr.;Rydygiera
Edmunda Bojanowskiego;Edmunda;Bojanowskiego
Edwarda Dembowskiego;Edwarda;Dembowskiego
Edwarda Wende;Edwarda;Wende
Elizy Orzeszkowej;Elizy;Orzeszkowej
Emila Młynarskiego;Emila;Młynarskiego
Emilii Plater;Emilii;Plater
Eugeniusza Kwiatkowskiego;Eugeniusza;Kwiatkowskiego
Ewy Demarczyk;Ewy;Demarczyk
Feliksa Stamma;Feliksa;Stamma
Franciszka Mireckiego;Franciszka;Mireckiego
Franciszka Ornassa;Franciszka;Ornassa
Fryderyka Chopina;Fryderyka;Chopina
Fryderyka Skarbka;Fryderyka;Skarbka
Gabriela Narutowicza;Gabriela;Narutowicza
Generała Andersa;Generała;Andersa
Generała Grota Roweckiego;Generała;Grota Roweckiego
Grzegorza Ciechowskiego;Grzegorza;Ciechowskiego
Gustawa Holoubka;Gustawa;Holoubka
Haliny Szwarc;Haliny;Szwarc
Hanki Bielickiej;Hanki;Bielickiej
Henryka Baranowskiego;Henryka;Baranowskiego
Henryka Sienkiewicza;Henryka;Sienkiewicza
Henryka Wilka;Henryka;Wilka
Herberta Hoovera;Herberta;Hoovera
Hieronima Derdowskiego;Hieronima;Derdowskiego
Hugona Kołłątaja;Hugona;Kołłątaja
Ignacego Daszyńskiego;Ignacego;Daszyńskiego
Ignacego Kozielewskiego;Ignacego;Kozielewskiego
Ignacego Łukasiewicza;Ignacego;Łukasiewicza
Ignacego Mościckiego;Ignacego;Mościckiego
Ignacego Paderewskiego;Ignacego;Paderewskiego
Ignacego Potockiego;Ignacego;Potockiego
Igora Newerlego;Igora;Newerlego
im. Armii Krajowej;im.;Armii Krajowej
im. Honorowych Dawców Krwi;im.;Honorowych Dawców Krwi
im. Jana Pawła II;im.;Jana Pawła II
im. Kardynała Stefana Wyszyńskiego;im.;Kardynała Stefana Wyszyńskiego
im. Księdza Jerzego Popiełuszki;im.;Księdza Jerzego Popiełuszki
"im. NSZZ ""Solidarność""";im.;"NSZZ ""Solidarność"""
im. Ofiar Katynia;im.;Ofiar Katynia
Ireny Sendlerowej;Ireny;Sendlerowej
Izabeli Jarugi-Nowackiej;Izabeli;Jarugi-Nowackiej
Jacka Kaczmarskiego;Jacka;Kaczmarskiego
Jacka Kuronia;Jacka;Kuronia
Jakuba Wejhera;Jakuba;Wejhera
Jalu Kurka;Jalu;Kurka
Jana Brożka;Jana;Brożka
Jana Dąbrowskiego;Jana;Dąbrowskiego
Jana Długosza;Jana;Długosza
Jana Karnowskiego;Jana;Karnowskiego
Jana Kasprowicza;Jana;Kasprowicza
Jana Kilińskiego;Jana;Kilińskiego
Jana Kochanowskiego;Jana;Kochanowskiego
Jana Matejki;Jana;Matejki
Jana Nowaka-Jeziorańskiego;Jana;Nowaka-Jeziorańskiego
Jana Sapiehy;Jana;Sapiehy
Jana Surzyckiego;Jana;Surzyckiego
Jana Sybickiego;Jana;Sybickiego
Jana Szczepanika;Jana;Szczepanika
Jana Tarasiewicza;Jana;Tarasiewicza
Janiny Porazińskiej;Janiny;Porazińskiej
Janusza Korczaka;Janusza;Korczaka
Janusza Kurtyki;Janusza;Kurtyki
Janusza Kusocińskiego;Janusza;Kusocińskiego
Janusza Sidły;Janusza;Sidły
Jerzego Giedroycia;Jerzego;Giedroycia
Jerzego Kukuczki;Jerzego;Kukuczki
Jerzego Kuleja;Jerzego;Kuleja
Jerzego Nowosielskiego;Jerzego;Nowosielskiego
Jerzego Szmajdzińskiego;Jerzego;Szmajdzińskiego
Jerzego Turowicza;Jerzego;Turowicza
Jerzego Wasowskiego;Jerzego;Wasowskiego
Jerzego Waszyngtona;Jerzego;Waszyngtona
Jędrzeja Moraczewskiego;Jędrzeja;Moraczewskiego
Joachima Lelewela;Joachima;Lelewela
Jonasza Kofty;Jonasza;Kofty
Józefa Becka;Józefa;Becka
Józefa Czechowicza;Józefa;Czechowicza
Józefa Lompy;Józefa;Lompy
Józefa Łączyńskiego;Józefa;Łączyńskiego
Józefa Mackiewicza;Józefa;Mackiewicza
Józefa Piłsudskiego;Józefa;Piłsudskiego
Józefa Poniatowskiego;Józefa;Poniatowskiego
Józefa Rotblata;Józefa;Rotblata
Józefa Ryszki;Józefa;Ryszki
Józefa Sowińskiego;Józefa;Sowińskiego
Józefa Strusia;Józefa;Strusia
Józefa Sułkowskiego;Józefa;Sułkowskiego
Józefa Świdra;Józefa;Świdra
Józefa Wybickiego;Józefa;Wybickiego
Juliana Kawalca;Juliana;Kawalca
Juliana Tuwima;Juliana;Tuwima
Juliusza Kossaka;Juliusza;Kossaka
Juliusza Osterwy;Juliusza;Osterwy
Juliusza Słowackiego;Juliusza;Słowackiego
Kaliny Jędrusik;Kaliny;Jędrusik
Kamili Skolimowskiej;Kamili;Skolimowskiej
Kardynała Wyszyńskiego;Kardynała;Wyszyńskiego
Karola Brzostowskiego;Karola;Brzostowskiego
Karola Lipińskiego;Karola;Lipińskiego
Karola Marcinkowskiego;Karola;Marcinkowskiego
Karola Miarki;Karola;Miarki
Karola Szymanowskiego;Karola;Szymanowskiego
Katarzyny Kobro;Katarzyny;Kobro
Kazimierza Dejmka;Kazimierza;Dejmka
Kazimierza Gołby;Kazimierza;Gołby
Kazimierza Ostrowskiego;Kazimierza;Ostrowskiego
Kazimierza Pułaskiego;Kazimierza;Pułaskiego
Kazimierza Zenktelera;Kazimierza;Zenktelera
Klimka Bachledy;Klimka;Bachledy
Konrada Mańki;Konrada;Mańki
Konrada Swinarskiego;Konrada;Swinarskiego
Konstantego Laszczki;Konstantego;Laszczki
Kornela Morawieckiego;Kornela;Morawieckiego
Króla Bolesława Chrobrego;Króla;Bolesława Chrobrego
Króla Kazimierza Wielkiego;Króla;Kazimierza Wielkiego
Króla Przemysła II;Króla;Przemysła II
Króla Władysława Jagiełły;Króla;Władysława Jagiełły
Króla Władysława Łokietka;Króla;Władysława Łokietka
Królowej Bony;Królowej;Bony
Krystyny Krahelskiej;Krystyny;Krahelskiej
Krzysztofa Kolbergera;Krzysztofa;Kolbergera
Krzysztofa Komedy;Krzysztofa;Komedy
Krzysztofa Pendereckiego;Krzysztofa;Pendereckiego
Książąt Czartoryskich;Książąt;Czartoryskich
Książąt Mazowieckich;Książąt;Mazowieckich
Księcia Barnima I;Księcia;Barnima I
Księcia Bolka II Małego;Księcia;Bolka II Małego
Księcia Henryka Pobożnego;Księcia;Henryka Pobożnego
Księcia Janusza I;Księcia;Janusza I
Księcia Mieszka I;Księcia;Mieszka I
Księcia Racibora I;Księcia;Racibora I
Księcia Władysława;Księcia;Władysława
Księdza Brzóski;Księdza;Brzóski
Księdza Popiełuszki;Księdza;Popiełuszki
Księdza Skargi;Księdza;Skargi
Księżnej Anny Mazowieckiej;Księżnej;Anny Mazowieckiej
Księżnej Dąbrówki;Księżnej;Dąbrówki
Lecha Bądkowskiego;Lecha;Bądkowskiego
Lecha Kaczyńskiego;Lecha;Kaczyńskiego
Leona Wyczółkowskiego;Leona;Wyczółkowskiego
Leopolda Staffa;Leopolda;Staffa
Ludomira Różyckiego;Ludomira;Różyckiego
Ludwika Solskiego;Ludwika;Solskiego
Ludwika Waryńskiego;Ludwika;Waryńskiego
Ludwika Zamenhofa;Ludwika;Zamenhofa
Macieja Płażyńskiego;Macieja;Płażyńskiego
Mahatmy Gandhiego;Mahatmy;Gandhiego
Maksymiliana Kolbego;Maksymiliana;Kolbego
Marcina Bielskiego;Marcina;Bielskiego
Mariana Bublewicza;Mariana;Bublewicza
Mariana Rapackiego;Mariana;Rapackiego
Mariana Turwida;Mariana;Turwida
Marii Curie Skłodowskiej;Marii;Curie Skłodowskiej
Marii Dulębianki;Marii;Dulębianki
Marii Konopnickiej;Marii;Konopnickiej
Marii Skłodowskiej-Curie;Marii;Skłodowskiej-Curie
Marka Edelmana;Marka;Edelmana
Marka Kotańskiego;Marka;Kotańskiego
Marszałka Piłsudskiego;Marszałka;Piłsudskiego
Michała Poleskiego;Michała;Poleskiego
Michała Scipio del Campo;Michała;Scipio del Campo
Mieczysława Fogga;Mieczysława;Fogga
Mieczysława Święcickiego;Mieczysława;Święcickiego
Mikołaja Kopernika;Mikołaja;Kopernika
Mikołaja Reja;Mikołaja;Reja
Mikołaja Wierzynka;Mikołaja;Wierzynka
Nikoli Tesli;Nikoli;Tesli
Oddziałów Młodzieży Powstańczej;Oddziałów;Młodzieży Powstańczej
Ojca Bernarda;Ojca;Bernarda
Papcia Chmiela;Papcia;Chmiela
Papieża Jana Pawła II;Papieża;Jana Pawła II
Pawła Adamowicza;Pawła;Adamowicza
Pawła Brylińskiego;Pawła;Brylińskiego
Pawła Jasienicy;Pawła;Jasienicy
Piotra Skargi;Piotra;Skargi
Piotra Wojciechowskiego;Piotra;Wojciechowskiego
Piotra Wysockiego;Piotra;Wysockiego
Prymasa Wyszyńskiego;Prymasa;Wyszyńskiego
Przemysława Gosiewskiego;Przemysława;Gosiewskiego
Raoula Wallenberga;Raoula;Wallenberga
Roberta Oszka;Roberta;Oszka
Roberta Schumana;Roberta;Schumana
Romana Dmowskiego;Romana;Dmowskiego
Romana Kobendzy;Romana;Kobendzy
Romana Wilhelmiego;Romana;Wilhelmiego
Romualda Mielczarskiego;Romualda;Mielczarskiego
Romualda Traugutta;Romualda;Traugutta
Ronalda Reagana;Ronalda;Reagana
Rotmistrza Pileckiego;Rotmistrza;Pileckiego
Rudolfa Weigla;Rudolfa;Weigla
Ryszarda Kaczorowskiego;Ryszarda;Kaczorowskiego
Ryszarda Szurkowskiego;Ryszarda;Szurkowskiego
St. Staszica;St.;Staszica
Stanisława Barei;Stanisława;Barei
Stanisława Dygata;Stanisława;Dygata
Stanisława Jasińskiego;Stanisława;Jasińskiego
Stanisława Kądzieli;Stanisława;Kądzieli
Stanisława Kierbedzia;Stanisława;Kierbedzia
Stanisława Królaka;Stanisława;Królaka
Stanisława Lema;Stanisława;Lema
Stanisława Małachowskiego;Stanisława;Małachowskiego
Stanisława Mikołajczyka;Stanisława;Mikołajczyka
Stanisława Moniuszki;Stanisława;Moniuszki
Stanisława Osieckiego;Stanisława;Osieckiego
Stanisława Rembeka;Stanisława;Rembeka
Stanisława Staszica;Stanisława;Staszica
Stanisława Szozdy;Stanisława;Szozdy
Stanisława Wisłockiego;Stanisława;Wisłockiego
Stanisława Wyspiańskiego;Stanisława;Wyspiańskiego
Stanisława Zgaińskiego;Stanisława;Zgaińskiego
Stefana Bastyra;Stefana;Bastyra
Stefana Czarnieckiego;Stefana;Czarnieckiego
Stefana Kisielewskiego;Stefana;Kisielewskiego
"Stefana Kisielewskiego ""Kisiela""";Stefana;"Kisielewskiego ""Kisiela"""
Stefana Okrzei;Stefana;Okrzei
Stefana Starzyńskiego;Stefana;Starzyńskiego
Stefana Żeromskiego;Stefana;Żeromskiego
Sue Ryder;Sue;Ryder
Szymona Krofeya;Szymona;Krofeya
św. Ambrożego;św.;Ambrożego
Św. Andrzeja;Św.;Andrzeja
św. Anny;św.;Anny
Św. Antoniego;Św.;Antoniego
św. Barbary;św.;Barbary
Św. Brunona;Św.;Brunona
św. Dominika;św.;Dominika
Św. Faustyny;Św.;Faustyny
Św. Floriana;Św.;Floriana
św. Franciszka;św.;Franciszka
Św. Grzegorza;Św.;Grzegorza
św. Jadwigi;św.;Jadwigi
św. Jadwigi Śląskiej;św.;Jadwigi Śląskiej
św. Jakuba;św.;Jakuba
św. Jakuba Apostoła;św.;Jakuba Apostoła
św. Jana;św.;Jana
Św. Jana Chrzciciela;Św.;Jana Chrzciciela
Św. Jana Pawła II;Św.;Jana Pawła II
św. Jana z Dukli;św.;Jana z Dukli
św. Jerzego;św.;Jerzego
Św. Józefa;Św.;Józefa
Św. Katarzyny;Św.;Katarzyny
Św. Kazimierza;Św.;Kazimierza
św. Kingi;św.;Kingi
Św. Krzysztofa;Św.;Krzysztofa
Św. Krzyża;Św.;Krzyża
św. Marii Magdaleny;św.;Marii Magdaleny
św. Marka;św.;Marka
św. Matki Teresy z Kalkuty;św.;Matki Teresy z Kalkuty
Św. Mikołaja;Św.;Mikołaja
św. Piotra;św.;Piotra
Św. Rity;Św.;Rity
św. Rocha;św.;Rocha
św. Stanisława;św.;Stanisława
św. Walentego;św.;Walentego
św. Wojciecha;św.;Wojciecha
Świętego Brata Alberta;Świętego;Brata Alberta
Świętego Floriana;Świętego;Floriana
świętego Franciszka z Asyżu;świętego;Franciszka z Asyżu
Świętego Huberta;Świętego;Huberta
Świętego Jakuba;Świętego;Jakuba
Świętego Jana;Świętego;Jana
Świętego Jana Pawła II;Świętego;Jana Pawła II
Świętego Jerzego;Świętego;Jerzego
Świętego Józefa;Świętego;Józefa
Świętego Józefa Robotnika;Świętego;Józefa Robotnika
Świętego Krzysztofa;Świętego;Krzysztofa
Świętego Macieja;Świętego;Macieja
Świętego Marka;Świętego;Marka
Świętego Michała;Świętego;Michała
Świętego Michała Archanioła;Świętego;Michała Archanioła
Świętego Mikołaja;Świętego;Mikołaja
Świętego Rocha;Świętego;Rocha
Świętego Sebastiana;Świętego;Sebastiana
Świętego Wojciecha;Świętego;Wojciecha
Świętej Anny;Świętej;Anny
Świętej Barbary;Świętej;Barbary
świętej Rity;świętej;Rity
świętej Rozalii;świętej;Rozalii
Tadeusza Czackiego;Tadeusza;Czackiego
Tadeusza Jasińskiego;Tadeusza;Jasińskiego
Tadeusza Kościuszki;Tadeusza;Kościuszki
Tadeusza Kotarbińskiego;Tadeusza;Kotarbińskiego
Tadeusza Mazowieckiego;Tadeusza;Mazowieckiego
Tadeusza Nalepy;Tadeusza;Nalepy
Tadeusza Nowakowskiego;Tadeusza;Nowakowskiego
Tadeusza Ślusarskiego;Tadeusza;Ślusarskiego
"Tadeusza Zawadzkiego ""Zośki""";Tadeusza;"Zawadzkiego ""Zośki"""
Tarasa Szewczenki;Tarasa;Szewczenki
Tekli Bądarzewskiej;Tekli;Bądarzewskiej
Teodora Axentowicza;Teodora;Axentowicza
Teodora Roosevelta;Teodora;Roosevelta
Vaclava Havla;Vaclava;Havla
Václava Havla;Václava;Havla
Wacława Felczaka;Wacława;Felczaka
Wacława Lipińskiego;Wacława;Lipińskiego
Walentego Fojkisa;Walentego;Fojkisa
Walentego Roździeńskiego;Walentego;Roździeńskiego
Waleriana Łukasińskiego;Waleriana;Łukasińskiego
Wandy Chotomskiej;Wandy;Chotomskiej
Wincentego Pola;Wincentego;Pola
Wincentego Wajdy;Wincentego;Wajdy
Wincentego Witosa;Wincentego;Witosa
Wisławy Szymborskiej;Wisławy;Szymborskiej
Witolda Gombrowicza;Witolda;Gombrowicza
Witolda Zglenickiego;Witolda;Zglenickiego
Władysława Bartoszewskiego;Władysława;Bartoszewskiego
Władysława Biegańskiego;Władysława;Biegańskiego
Władysława Broniewskiego;Władysława;Broniewskiego
Władysława Dunarowskiego;Władysława;Dunarowskiego
Władysława Grabskiego;Władysława;Grabskiego
Władysława Opolczyka;Władysława;Opolczyka
Władysława Reymonta;Władysława;Reymonta
Władysława Sikorskiego;Władysława;Sikorskiego
Władysława Strzemińskiego;Władysława;Strzemińskiego
Władysława Szpilmana;Władysława;Szpilmana
Wojciecha Bogusławskiego;Wojciecha;Bogusławskiego
Wojciecha Kętrzyńskiego;Wojciecha;Kętrzyńskiego
Wojciecha Kilara;Wojciecha;Kilara
Wojciecha Korfantego;Wojciecha;Korfantego
Wojciecha Młynarskiego;Wojciecha;Młynarskiego
Xawerego Dunikowskiego;Xawerego;Dunikowskiego
Zbigniewa Brzezińskiego;Zbigniewa;Brzezińskiego
Zbigniewa Herberta;Zbigniewa;Herberta
Zbigniewa Romaszewskiego;Zbigniewa;Romaszewskiego
Zbigniewa Wodeckiego;Zbigniewa;Wodeckiego
Zbyszka Cybulskiego;Zbyszka;Cybulskiego
Zdzisława Lubomirskiego;Zdzisława;Lubomirskiego
Zofii Kossak;Zofii;Kossak
Zofii Kuratowskiej;Zofii;Kuratowskiej
Zofii Moraczewskiej;Zofii;Moraczewskiej
Zofii Nałkowskiej;Zofii;Nałkowskiej
Zygmunta Glogera;Zygmunta;Glogera
Zygmunta Krasińskiego;Zygmunta;Krasińskiego
Zygmunta Puławskiego;Zygmunta;Puławskiego
